id,probability
0,0.903662104833457
1,0.09775077852677874
2,0.03265397086783866
3,0.00435524577261507
4,0.12627678016745364
5,0.01883145348687885
6,0.012745924565683442
7,0.9991402829238029
8,0.06204702362492733
9,0.44216416149339144
10,0.9983619752629942
11,0.0762815232649813
12,0.014967091822021331
13,0.02545625735961831
14,0.6763431865017083
15,0.8638822680670044
16,0.13534507883173097
17,0.40931195563832007
18,0.9305437102463252
19,0.9976394105520587
20,0.007615047973485422
21,0.08587812634649646
22,0.9627708507384473
23,0.0035294159808866125
24,0.08868636417937874
25,0.16179060007067153
26,0.9971743739970729
27,0.032741868546841066
28,0.002376401365526746
29,0.9999978469226276
30,0.14885198619594037
31,0.020056994201820093
32,0.043056694509528336
33,0.04057558531120095
34,0.9920447524899263
35,0.9565332228320284
36,0.9879991878735908
37,0.04590946363233519
38,0.2611246105234225
39,0.024131478369912623
40,0.03209233131342121
41,0.9999949743741132
42,0.017463777587150942
43,0.06886605499917686
44,0.6343976797532787
45,0.025814431376093194
46,0.9999991136810508
47,0.23440699018619776
48,0.08161109069549514
49,0.940070432066371
50,0.20862040838348692
51,0.011333213671283785
52,0.28766785919923077
53,0.8440098152589808
54,0.9992137982286116
55,0.01521450443909229
56,0.6395354318386491
57,0.9973508911235627
58,0.9097172296553986
59,0.06102333022854214
60,0.9617417245809481
61,0.004932380267412327
62,0.9805535937345375
63,0.28028311243646153
64,0.08282408109055782
65,0.9863154452457048
66,0.3604965541892416
67,0.010362361888498522
68,0.9822900958989719
69,0.017915702326509082
70,0.8919327211159768
71,0.970323531761594
72,0.8245048547796936
73,0.25095053299096315
74,0.8185807960756248
75,0.16150074632213626
76,0.8297185078326008
77,0.33202936314654513
78,0.055094019220650194
79,0.999453346761069
80,0.6826024652324348
81,0.025665706832087742
82,0.08430531905165986
83,0.9822720533969346
84,0.9928462861762244
85,0.013524352154136254
86,0.9720623781695445
87,0.6332624251723099
88,0.9956723831075156
89,0.9974112565732396
90,0.9393314201613775
91,0.03210997534038203
92,0.07474393251697357
93,0.06224778079402129
94,0.815667719907388
95,0.0646552307918133
96,0.5502145100243441
97,0.5943160709368824
98,0.3761079592387972
99,0.9999066105314978
100,0.8277172681356687
101,0.9132467758257278
102,0.04422620354315939
103,0.996523032622153
104,0.9870315087925121
105,0.06407558334326438
106,0.9960510746365067
107,0.018956994370622322
108,0.009644388113131147
109,0.9905457660887796
110,0.029404442317519586
111,0.15717382702209798
112,0.057700664328118656
113,0.9999985065287319
114,0.9896159678070617
115,0.963540490282143
116,0.9856810929205551
117,0.8913097008918381
118,0.02283211477749744
119,0.6049739701499359
120,0.08688586260753503
121,0.11042636514174094
122,0.981867828317862
123,0.038238616872086774
124,0.08043414686402536
125,0.02352320121907999
126,0.9360743895706124
127,0.9904205807870923
128,0.028490280344130887
129,0.022087781429537604
130,0.9542549478278616
131,0.99646944260145
132,0.9993480181586831
133,0.7415237272765209
134,0.9541279492118809
135,0.9020116864811891
136,0.5578461545997738
137,0.0038090436882939776
138,0.6017552137908642
139,0.9999500096495215
140,0.9856645714230723
141,0.28222762549974745
142,0.6888683767333293
143,0.9925639311635805
144,0.9966315002297833
145,0.1428515781919731
146,0.9830130638725706
147,0.025734169081769787
148,0.9998773165160479
149,0.9883563911528574
150,0.99987938823209
151,0.019362146702789167
152,0.48171194086125635
153,0.0646730014250828
154,0.2856225499014097
155,0.9530170244984457
156,0.6632687413383151
157,0.8367065522181486
158,0.8965759095211917
159,0.0472076498933802
160,0.07974080197571479
161,0.01600552439088051
162,0.6454824744706011
163,0.7722529214795129
164,0.9998337898417657
165,0.023312188770751426
166,0.013767883350164961
167,0.012420698821797563
168,0.006203989827274263
169,0.14566444483907318
170,0.0984940800783035
171,0.005314532146722008
172,0.978754560529692
173,0.8506418676329135
174,0.047422357027956406
175,0.9380655467433311
176,0.27213374064990586
177,0.8846962766412902
178,0.6744601193985486
179,0.9977801387618047
180,0.3779516548145354
181,0.022119442291853655
182,0.950691911325427
183,0.8286160959452191
184,0.9928303842861471
185,0.23937257665532785
186,0.9999539718901618
187,0.05717428460953763
188,0.964827751564389
189,0.9417964918736589
190,0.02774167122157676
191,0.015268790570846829
192,0.9937633822027274
193,0.99238161144352
194,0.9991299822495361
195,0.008154316087815671
196,0.4071427509618991
197,0.04981152470373974
198,0.6866405183584166
199,0.9531899694173083
200,0.049095148983859194
201,0.05216403848300962
202,0.9889714492347453
203,0.8587300296597657
204,0.9836733953812178
205,0.27598346415884245
206,0.010158198342878694
207,0.8404273397289771
208,0.10086739610309889
209,0.01743246195118677
210,0.7488988397806352
211,0.009887350045197996
212,0.16951526568215342
213,0.20394172786090742
214,0.9973146377500711
215,0.14353828716326653
216,0.059432230326593546
217,0.8020635136864683
218,0.9737295954645434
219,0.9583264538200623
220,0.9937241680524462
221,0.9888148178731919
222,0.03678715746739067
223,0.019931590218358074
224,0.7147549136172964
225,0.9749676650887962
226,0.5463061661429454
227,0.06972823516051599
228,0.006450788968530442
229,0.30588579369734825
230,0.028236152172603605
231,0.02649902740090726
232,0.8371598109984466
233,0.1850119620262067
234,0.9972721229494796
235,0.005752832446674679
236,0.4579290325275629
237,0.11483019336824259
238,0.00877076251497894
239,0.006655671955488421
240,0.05921288634066886
241,0.9106051728673095
242,0.06796296581030428
243,0.0577741751447222
244,0.8444905783374901
245,0.019056828447615626
246,0.024080551797854264
247,0.007878119999946833
248,0.31659171257310315
249,0.9333116107471774
250,0.995126700806785
251,0.28582773066521633
252,0.970990993694571
253,0.4521846119300904
254,0.8253814846118095
255,0.8279700293873938
256,0.03297439004319594
257,0.023579389076025366
258,0.9495150555632443
259,0.5889839695888766
260,0.3730720132190867
261,0.9009340542311497
262,0.882625995899868
263,0.012616008636721191
264,0.02589586355026296
265,0.12171783696334693
266,0.999960545453604
267,0.9071663067232276
268,0.9767588804779376
269,0.9858405560355632
270,0.4031147847400387
271,0.047919024672098506
272,0.9851921360586232
273,0.04530133868447337
274,0.7960701600491417
275,0.077948454266345
276,0.0969499341349426
277,0.6881172273589132
278,0.07234198411180584
279,0.9998279736514684
280,0.17319923608882848
281,0.13430616764447906
282,0.4742328843181903
283,0.22459627076001273
284,0.03285105533698847
285,0.5876163893873723
286,0.9429896418732066
287,0.014307115898178176
288,0.1073458161440568
289,0.3590179329345965
290,0.1756669333513711
291,0.11848946537317642
292,0.043069835733641836
293,0.9999737331540486
294,0.9967487306506161
295,0.17056200435161553
296,0.2068714092250122
297,0.938135438578127
298,0.04825070770165414
299,0.03681404849917631
300,0.003067932677875621
301,0.016816491884664428
302,0.01788146068747359
303,0.036504964705952395
304,0.9999970743310584
305,0.045054309544307954
306,0.28211172505386023
307,0.9248203734967764
308,0.9784116078035444
309,0.9996476791769254
310,0.7117455743692525
311,0.016948342200221084
312,0.999979912684988
313,0.015546472831191293
314,0.1205329869551639
315,0.9920904842506018
316,0.05496633671573046
317,0.27970055791226256
318,0.17643701165858403
319,0.9347547461765039
320,0.9968955715120789
321,0.13996842241416416
322,0.7297067378408665
323,0.09698818998718
324,0.1364422197104514
325,0.9999573277882959
326,0.021827649940965206
327,0.004220949565726034
328,0.024953667105123714
329,0.9386100401534438
330,0.9672791983363014
331,0.033953897835666505
332,0.9027886390081292
333,0.8342086109253961
334,0.10043869691644414
335,0.7812594612368693
336,0.9629907113148581
337,0.8256095446229818
338,0.983541921642743
339,0.09543046874231417
340,0.46557874320941994
341,0.9997566220914781
342,0.9190317350459534
343,0.06526982189213887
344,0.879059924225366
345,0.36794982493280015
346,0.949123487710161
347,0.47242673091914866
348,0.8968096936048987
349,0.9590029641914029
350,0.0861704399638076
351,0.9711057319520695
352,0.7200904141692616
353,0.05818274343814352
354,0.9548713834738309
355,0.9997422845877215
356,0.199003914612951
357,0.9978070672257324
358,0.1894436327667925
359,0.9992977226410122
360,0.9999190697040987
361,0.9667343721956195
362,0.9802541728699781
363,0.07010478363835801
364,0.9949897516374696
365,0.9915010333244016
366,0.9880587957401484
367,0.10936560768932328
368,0.24039069840147004
369,0.7838376403692984
370,0.42093867152229975
371,0.004989595359689695
372,0.9657360335691532
373,0.004478419988961568
374,0.9933920747189425
375,0.9072552780100258
376,0.9742461525781554
377,0.2596863492511782
378,0.02862309430163873
379,0.014169078779144051
380,0.4056937073451213
381,0.1669255562314978
382,0.9999939398471209
383,0.6891160230402137
384,0.14301855821373533
385,0.9841969276161426
386,0.3465694851632352
387,0.344507539781867
388,0.4103918320634312
389,0.9960401766618941
390,0.02698004259196466
391,0.9900319776669454
392,0.9018214820567152
393,0.005488546603510463
394,0.9993810868273746
395,0.9226442157613723
396,0.9860585269109455
397,0.25119415894087205
398,0.9997199736606284
399,0.9947459974746927
400,0.997230896050103
401,0.004632006100051662
402,0.01648449173286824
403,0.8323346302476503
404,0.23818265387581503
405,0.6750749036274468
406,0.6792190969244227
407,0.49793857134517266
408,0.8789009616706078
409,0.09063705496815425
410,0.9920032282714946
411,0.021873139227137423
412,0.9101843136197891
413,0.8748127201466864
414,0.019661574784052133
415,0.07629441998306052
416,0.0037980531029670342
417,0.1637468299163715
418,0.9751605801326549
419,0.1349799600363432
420,0.11742162892084851
421,0.059037679798313036
422,0.9878205413724036
423,0.9860265211128919
424,0.2998590502270541
425,0.9722342498281261
426,0.1334473395142765
427,0.998807307059231
428,0.9919302062060869
429,0.01977025299005118
430,0.9994313554851354
431,0.8698412068563333
432,0.019184246325864525
433,0.07116905754910427
434,0.10150901851486557
435,0.7037410226887271
436,0.588980320814501
437,0.18517780505546938
438,0.13277651886630773
439,0.03959431064221273
440,0.09452652988976398
441,0.9999837494761946
442,0.9867984388834943
443,0.9999587588498183
444,0.046481083351765116
445,0.9999999995188246
446,0.9999407282260172
447,0.6166489944458766
448,0.9875199772045529
449,0.04722293432788029
450,0.2992207981727999
451,0.996024977359979
452,0.9999356938314845
453,0.9999717009428883
454,0.035549813170494604
455,0.998803648226651
456,0.8228665187626346
457,0.9906241882545661
458,0.9283035039989386
459,0.020460406639133684
460,0.6881709785635831
461,0.6543974535743378
462,0.032579883332042904
463,0.0014218094505813726
464,0.04104627150116907
465,0.08036134262782398
466,0.17586192649869808
467,0.028669868382396275
468,0.020527959700666624
469,0.9999778963609567
470,0.9987841305843868
471,0.12437296497711965
472,0.9456715637401629
473,0.9870591061621825
474,0.99682438224249
475,0.025898749107832113
476,0.7663356364229458
477,0.9985885173333434
478,0.3278149251343935
479,0.025326407989384746
480,0.9554133327684914
481,0.0009418963376465564
482,0.025501504636158263
483,0.04386837492566065
484,0.18028438699113938
485,0.9999468312790329
486,0.0315567448240392
487,0.863477789199397
488,0.02734266259173388
489,0.9993737443137094
490,0.5576262987475442
491,0.6199362644393385
492,0.0013762971480375773
493,0.5633329795894106
494,0.16019548228336128
495,0.01662895805310437
496,0.9982666313937172
497,0.03459958773222106
498,0.920714037315632
499,0.8538867629415453
500,0.07128250317286214
501,0.9713801966182174
502,0.9530559954347986
503,0.011853444504200427
504,0.9601861498262023
505,0.12487345714056416
506,0.15398667211658798
507,0.02348681859157357
508,0.9217339799213853
509,0.11627523577508159
510,0.2470184620819072
511,0.996861108937846
512,0.011570681704078992
513,0.9999609497580766
514,0.27855760704547017
515,0.001761889416304101
516,0.9998282002491194
517,0.9999734543404692
518,0.6362404195065161
519,0.9660670020447597
520,0.03041865825843728
521,0.8357367203036798
522,0.7742665074275233
523,0.05650840055931585
524,0.034262931225063506
525,0.08976245212067556
526,0.8140561066579014
527,0.9874242674010795
528,0.9718748206721823
529,0.9988719952744388
530,0.004948478858750087
531,0.005687570694286485
532,0.16675301749861648
533,0.012664216214424512
534,0.9999622396068586
535,0.0418086706172887
536,0.042379644109888946
537,0.9947107215491104
538,0.8601007211196711
539,0.08856884003321447
540,0.9992703051307092
541,0.997689712012626
542,0.02356503215641608
543,0.3089029650330552
544,0.09443848719593827
545,0.030632811655727808
546,0.9994542007586185
547,0.9998727433320568
548,0.7536273110506579
549,0.02961220313840356
550,0.9980100829087359
551,0.08128059599387251
552,0.9400925271543373
553,0.9988634696419032
554,0.9248450025321846
555,0.16611683775565694
556,0.3907957177153062
557,0.9994803684129412
558,0.9831818204159953
559,0.012038672703044576
560,0.9999495269093461
561,0.02714308463833051
562,0.00826336717895386
563,0.987598740043589
564,0.02944453771766088
565,0.551566005157398
566,0.00809367195520152
567,0.18400545471872481
568,0.006989724247974882
569,0.0157186440673869
570,0.9966083811839699
571,0.22249166814722704
572,0.9445780732561857
573,0.9303883695747253
574,0.97372433582725
575,0.00862293384077276
576,0.9976018395045481
577,0.006703455919977269
578,0.8496743055340591
579,0.9999973039887704
580,0.02686715218701517
581,0.999445382439685
582,0.35436329287754337
583,0.02725274065227131
584,0.9980683952367567
585,0.002152172655143988
586,0.5094829872078795
587,0.9315953131619938
588,0.9996450732662862
589,0.01687847550936741
590,0.06168300111505306
591,0.9989884835149685
592,0.9994127846478669
593,0.9225405473456554
594,0.03517355788987552
595,0.6945480215221274
596,0.04841193904487744
597,0.0823331021490465
598,0.019706826741468727
599,0.9693888087813741
600,0.9985285262742905
601,0.04208845714909039
602,0.0025854637863032283
603,0.006969314719593114
604,0.9999993545151101
605,0.9999238301147162
606,0.023631297647537186
607,0.22710725905883997
608,0.006211506708975034
609,0.999972933050412
610,0.03993606985426499
611,0.144606955813873
612,0.9681827285857196
613,0.9872919666773899
614,0.06189529232648573
615,0.01653415947587446
616,0.0754664892846787
617,0.9985271330062266
618,0.13538313080629988
619,0.013121025767004474
620,0.007869617626703672
621,0.027085776495990994
622,0.9956678206304417
623,0.08420724611325144
624,0.06367069119316067
625,0.016033451198088373
626,0.08668968650488765
627,0.04322758383536588
628,0.011335968727620178
629,0.999716894954204
630,0.9907382675060197
631,0.024410028779072324
632,0.013567824135237296
633,0.9153909608949153
634,0.02396040830247163
635,0.01822850968373401
636,0.03543680832647599
637,0.41552394728959285
638,0.9998072928765831
639,0.885504536690226
640,0.9932426493951105
641,0.49604285668012976
642,0.9851379820951669
643,0.007539884868852686
644,0.03883836023139571
645,0.09570601232532619
646,0.5015230449063812
647,0.09247255585422114
648,0.9999719834202843
649,0.889098581671548
650,0.9237789724390744
651,0.03645962666937591
652,0.8012548383921306
653,0.9241771789784524
654,0.3541335278466701
655,0.9987809939849056
656,0.05178748794233966
657,0.0010989066923322236
658,0.20627339692980282
659,0.024814683711600102
660,0.9542789827833914
661,0.11753219428804114
662,0.42178667809360987
663,0.08697425848719678
664,0.853934261785857
665,0.03709538931954918
666,0.8385192577869832
667,0.026804718134363192
668,0.016243790146704164
669,0.9999623447612491
670,0.9993325855158439
671,0.9606159816504276
672,0.3919601374123901
673,0.8126466328431947
674,0.8213152669680758
675,0.014801391206413068
676,0.9976334079826152
677,0.9997577582033994
678,0.024003254290359044
679,0.5065094654187323
680,0.9986786372845072
681,0.9497722458042743
682,0.9847071733968576
683,0.25373964288333395
684,0.039143854587799946
685,0.9988517651503995
686,0.005280500367281663
687,0.33146575588125116
688,0.8640656388734044
689,0.46216390436134425
690,0.053006893979080504
691,0.03494516351011623
692,0.21530721126261643
693,0.9992983279957628
694,0.9999790899488425
695,0.0893556498670691
696,0.4937686587894956
697,0.30894682751192526
698,0.9841772382152874
699,0.9625283860552132
700,0.011233317186543676
701,0.011915914448521584
702,0.10701432034003291
703,0.9798918840523783
704,0.11388242344133723
705,0.672618743489544
706,0.07369958830889982
707,0.12460749209262867
708,0.03645765486956535
709,0.8311227632457477
710,0.5876070177840219
711,0.370988556802149
712,0.021984329222590054
713,0.8157553992145568
714,0.04188821692333232
715,0.8554614900802691
716,0.15554299209254413
717,0.8216554603461776
718,0.044958572306919894
719,0.9999706745964667
720,0.961996658219838
721,0.979458706957757
722,0.01406268146339005
723,0.9807855288627216
724,0.1245859669956481
725,0.9348698360028731
726,0.9999519591363402
727,0.41690505023401914
728,0.8471685180296518
729,0.9177719730434667
730,0.028049793519336813
731,0.999984598853848
732,0.1541419084963996
733,0.7379141412572157
734,0.005840890973010993
735,0.24676591542901027
736,0.9910914177089717
737,0.048833645226785086
738,0.9863033912316164
739,0.004508624657405405
740,0.004892509254541132
741,0.028854438024427685
742,0.00818916214582794
743,0.011883312722865736
744,0.011358866717272431
745,0.012977275597333924
746,0.004892233643943289
747,0.9999611613004816
748,0.0044979048869318704
749,0.16168846797237407
750,0.01850874107080508
751,0.020188358742268167
752,0.8316869257702793
753,0.2431292931429035
754,0.9772709897614817
755,0.9412565492391636
756,0.9552839288992855
757,0.06408129680816163
758,0.07611729977869731
759,0.11682186311841672
760,0.8711181287123273
761,0.4690636101197197
762,0.056477127151091634
763,0.464257472993049
764,0.44482434764825884
765,0.9997065358326127
766,0.9652049409945824
767,0.011413975073849007
768,0.06398527026212472
769,0.7029329421618331
770,0.024417743799055477
771,0.999391036102175
772,0.5852833365824183
773,0.95415892550621
774,0.8232771004294446
775,0.8363101516096434
776,0.12175254561979543
777,0.9693201810874885
778,0.018444735256399707
779,0.1771529617120434
780,0.892730225780463
781,0.9999179571224722
782,0.014707350383797575
783,0.6184501517753026
784,0.20385139598317115
785,0.9048565366614509
786,0.5475360419983906
787,0.024826881956854802
788,0.9998086644601039
789,0.976268654308601
790,0.8367322280822991
791,0.07018747681427615
792,0.8898482313371531
793,0.05677470618823936
794,0.9992561335783329
795,0.07906053842644453
796,0.9999188184671703
797,0.2809888384465265
798,0.030089440022549874
799,0.6038885093620093
800,0.9627184037253282
801,0.06843044065418762
802,0.0721547889689099
803,0.053451151686683594
804,0.9999716649633271
805,0.975257642896951
806,0.6286132747792998
807,0.08702666999964792
808,0.6460351378664472
809,0.9989528629620434
810,0.9997210081137011
811,0.0029794065278377067
812,0.7565579983887121
813,0.9350803344287956
814,0.015242648055195488
815,0.019461184330819226
816,0.9750479411030746
817,0.9982450146250006
818,0.25693265623019285
819,0.591834791052529
820,0.7223881178179409
821,0.18721853485092638
822,0.981035144944147
823,0.9987197324563002
824,0.9985997746850206
825,0.004035576783616909
826,0.3574858839917806
827,0.9998363648284669
828,0.08642852111593018
829,0.9999577883032054
830,0.010350267476754297
831,0.9879629167425759
832,0.966403554428443
833,0.0037433068862433153
834,0.9583422011351296
835,0.019238875470218547
836,0.04569666738212701
837,0.00876707671961205
838,0.07141114167809359
839,0.9765060083539472
840,0.14229731753711794
841,0.9434658244493059
842,0.9907110353628115
843,0.5550535909944356
844,0.0034523126841599673
845,0.36916391259758025
846,0.3143568494448868
847,0.5687856670530642
848,0.18284851059241045
849,0.06170982458153609
850,0.8365538069247718
851,0.05314436688291563
852,0.7681529157863518
853,0.977283439893071
854,0.02865759823028491
855,0.9195422243446364
856,0.6285920595291954
857,0.017735881565541945
858,0.003664706811923925
859,0.029836566529484975
860,0.0649869113373414
861,0.7661753016953191
862,0.02580518445022869
863,0.9547257429306487
864,0.9999396933293159
865,0.9833951687533142
866,0.8446885455362392
867,0.40967265952784865
868,0.0032285085171333146
869,0.11422768818455457
870,0.9212583953442657
871,0.5928391326505752
872,0.04133838455996412
873,0.9710124613637052
874,0.18032701500695253
875,0.6185684784182229
876,0.0837371719685236
877,0.4651526695750229
878,0.4901040645453746
879,0.025571031363697715
880,0.9584182854255122
881,0.9429243395826162
882,0.09292816685685477
883,0.9649273764021247
884,0.9360261824473971
885,0.07119009968522752
886,0.9998646434710592
887,0.9998613360974214
888,0.16017283817990607
889,0.12087261633456015
890,0.9923058387332878
891,0.9979632468474376
892,0.02409094857930945
893,0.9999436787889848
894,0.02100372477863189
895,0.029694387539919175
896,0.004161870586962818
897,0.9526343038149744
898,0.021497578707357454
899,0.8376154928691427
900,0.8593051742601734
901,0.031714260443698475
902,0.9993574113706547
903,0.0015094523167506195
904,0.9634888242744581
905,0.7361075387545795
906,0.0019026620315520909
907,0.015306252145930403
908,0.9938100758560996
909,0.105640615301521
910,0.9979085176546221
911,0.9888418105558978
912,0.7505341133202927
913,0.9690769227218077
914,0.05234620540621014
915,0.03462755476568935
916,0.9919606674428877
917,0.06222667595620357
918,0.9992987566006182
919,0.9934733483784578
920,0.829236423539033
921,0.9617294941264414
922,0.9749678316836732
923,0.05596346654528504
924,0.8089552440122235
925,0.7479043874141134
926,0.02815210300164776
927,0.025739763398582156
928,0.14838924608860418
929,0.9972807938422503
930,0.08170417139186138
931,0.163302871406521
932,0.9999877351727264
933,0.9148115758540298
934,0.13400159054964345
935,0.05105923174497131
936,0.9239143611131999
937,0.00967186390496967
938,0.9848185740255065
939,0.05688691980594063
940,0.9620463118610392
941,0.9559548790030321
942,0.9931409012199461
943,0.6725814801760991
944,0.02674859403768063
945,0.003954237937432764
946,0.11814745089174272
947,0.9677972575925968
948,0.060867948368907576
949,0.18169259922126585
950,0.10000814536532829
951,0.8717023053531296
952,0.07663478906426727
953,0.004840970058184079
954,0.011409242591505914
955,0.027845004358998005
956,0.0032951066212950977
957,0.030715553385563994
958,0.1452189106326403
959,0.9994131866105261
960,0.005207934467180882
961,0.24024951685211288
962,0.9637478881898088
963,0.2480236839501136
964,0.04328276972352395
965,0.08681355500995441
966,0.006661391723763945
967,0.7006569606772478
968,0.9998891551091521
969,0.006175440476868023
970,0.06407817501465207
971,0.12239123100178975
972,0.939980454405878
973,0.8094174445822976
974,0.007120497840403935
975,0.9964139945767967
976,0.962831723346369
977,0.4725770568150326
978,0.05313327008142136
979,0.024871953657936523
980,0.9999999994481981
981,0.9999428024803969
982,0.9993450793557915
983,0.31892132051372374
984,0.9868631426575639
985,0.00241878229107875
986,0.03513864038638776
987,0.07369958830889982
988,0.026685589382547288
989,0.9999790321538695
990,0.9993812747289634
991,0.040517019513335556
992,0.012397607927849302
993,0.01498389264049678
994,0.023641375406248326
995,0.9999728626807982
996,0.9978927101098142
997,0.3139858423092163
998,0.9703320875123037
999,0.9577910007091628
1000,0.06796296581030428
1001,0.009761726904028236
1002,0.0026055070211662467
1003,0.982587640078132
1004,0.010226295107668277
1005,0.0075632737967941495
1006,0.9918045070705143
1007,0.2672124191469934
1008,0.948481326060558
1009,0.9839304990707148
1010,0.026534406842939545
1011,0.9235631207910767
1012,0.023598502978828425
1013,0.2965541080998203
1014,0.9915188073104145
1015,0.011742844452202278
1016,0.15766128669084314
1017,0.5757994151917171
1018,0.9999569250073964
1019,0.7970724530700479
1020,0.02839397528659479
1021,0.8306294896115396
1022,0.4652199458390654
1023,0.48500191277030985
1024,0.9413161519766362
1025,0.9551566417510831
1026,0.9999748076628396
1027,0.9641970385895757
1028,0.980207722658586
1029,0.9932698951829682
1030,0.7945093897269573
1031,0.9983397090209621
1032,0.9997260269420842
1033,0.01020026251159444
1034,0.9999235435288405
1035,0.9997576837815899
1036,0.9815421990477622
1037,0.02772812867307948
1038,0.2341649811033034
1039,0.6626517271442782
1040,0.932275488918625
1041,0.01898165785228973
1042,0.8047070205417611
1043,0.9205248641105239
1044,0.0036227070016616944
1045,0.8065826577882689
1046,0.99874917610783
1047,0.6253682442403183
1048,0.9999712886828458
1049,0.2776477400687571
1050,0.06982849028729593
1051,0.9957267951176239
1052,0.9818912302844918
1053,0.07073953933446596
1054,0.9950328361669909
1055,0.052219904724864305
1056,0.2739077374600512
1057,0.047233004060558
1058,0.006834288191267648
1059,0.8039023993023424
1060,0.9997519447818284
1061,0.9811785585219613
1062,0.041871450752244084
1063,0.3322215906775213
1064,0.004123963172671932
1065,0.34412734214968677
1066,0.05114124684754919
1067,0.3754746834809081
1068,0.9325933892200859
1069,0.14133883727277882
1070,0.9989240422582096
1071,0.9723168396303109
1072,0.7524292129419453
1073,0.4211196568086746
1074,0.8048230339510706
1075,0.007480410407074001
1076,0.046101101993232384
1077,0.9989310903534225
1078,0.021241658898632897
1079,0.9991163122999721
1080,0.02762275429110032
1081,0.0018439134255146799
1082,0.987540368503326
1083,0.0025833538625242925
1084,0.08041280584518223
1085,0.9993890090593854
1086,0.9944301833663536
1087,0.008282206616048072
1088,0.9348906951263476
1089,0.06058576608761672
1090,0.12767362696190604
1091,0.030839437774923883
1092,0.9984891292350951
1093,0.8808876238524045
1094,0.4746443802036156
1095,0.4505176643566228
1096,0.9999748638202733
1097,0.18268427492824363
1098,0.8621966793104849
1099,0.9991021296958303
1100,0.011243106490087963
1101,0.03726970438848813
1102,0.8525580668747015
1103,0.07369958830889982
1104,0.9998155295433662
1105,0.9845769053803727
1106,0.9209290606176026
1107,0.2168803867816167
1108,0.9092698907503234
1109,0.06302681134281583
1110,0.9997285829995572
1111,0.395693491056326
1112,0.04946738616197757
1113,0.01413217827636722
1114,0.06515123976053272
1115,0.19130226398192096
1116,0.6734054637064594
1117,0.004111103386071161
1118,0.9221295201059456
1119,0.062164410473737074
1120,0.9557151174856106
1121,0.8907074344430352
1122,0.9062227908449907
1123,0.999969106653096
1124,0.9394561712650621
1125,0.03058849028387184
1126,0.027367528835668585
1127,0.15015845839200398
1128,0.9960962761888122
1129,0.9794267871153736
1130,0.9429749005197042
1131,0.4760188906715549
1132,0.9998887787806469
1133,0.9999782608927331
1134,0.9944295687347353
1135,0.9957161092859849
1136,0.054683406822041335
1137,0.9766047972942339
1138,0.06875889563909833
1139,0.19218825246214905
1140,0.020921189675416087
1141,0.999710887499579
1142,0.009491869776058792
1143,0.05770232440189853
1144,0.9991252922503385
1145,0.9998308626859398
1146,0.3036081228205461
1147,0.9663481752874763
1148,0.9980660407462534
1149,0.9375002902210774
1150,0.9109557001699983
1151,0.10947975615919352
1152,0.6926019812751953
1153,0.3900258694342195
1154,0.31300593091166595
1155,0.9930329474950623
1156,0.04178591343600928
1157,0.015154174546396042
1158,0.9039093519115312
1159,0.9999376557622008
1160,0.00544859632217363
1161,0.32467457847114334
1162,0.027358745294884034
1163,0.00668048209825541
1164,0.1266837734172253
1165,0.02228228707583592
1166,0.02413613871764884
1167,0.12944521948314933
1168,0.12748242746037144
1169,0.9723169841204801
1170,0.016380992801934204
1171,0.035643640775589
1172,0.022894395704782744
1173,0.8247791770347508
1174,0.654181952823029
1175,0.5428302636958616
1176,0.07622552990575672
1177,0.028086315406089878
1178,0.0021449634624587954
1179,0.021200355264739935
1180,0.710097645843603
1181,0.9883702441126487
1182,0.07369958830889982
1183,0.9986794890514645
1184,0.9992932443135099
1185,0.997887594370949
1186,0.999366242472397
1187,0.004535163659309655
1188,0.8973749110591609
1189,0.9892194736245183
1190,0.9698938157571991
1191,0.9998472169074516
1192,0.015131554099761302
1193,0.3661150378082679
1194,0.8966442615426281
1195,0.9999987620010365
1196,0.40883680223225694
1197,0.867643079755406
1198,0.08824677055206931
1199,0.06514292527495211
1200,0.13227451856583333
1201,0.5649982255323738
1202,0.003169173637362182
1203,0.027012584841725685
1204,0.9066236073190644
1205,0.7882759381365048
1206,0.9557498752158786
1207,0.9562105251989639
1208,0.05640274583884116
1209,0.10669092050137272
1210,0.18784021757670377
1211,0.010983153180921048
1212,0.9993906479712488
1213,0.038948092207716
1214,0.9485126636879209
1215,0.05859561268047995
1216,0.07872454959963315
1217,0.0178486759911868
1218,0.0662880371998769
1219,0.009161954383405158
1220,0.9983153942068455
1221,0.05503630143239383
1222,0.8349540259911082
1223,0.055114703439671155
1224,0.9999802867926011
1225,0.017973180092152048
1226,0.19477528998245897
1227,0.6919540581102916
1228,0.9953160234597895
1229,0.24404863617954442
1230,0.9456842976280851
1231,0.006160202939396076
1232,0.9722385391626179
1233,0.7775743978244447
1234,0.9931682768428478
1235,0.8735092433894133
1236,0.977899138494269
1237,0.9999142893885506
1238,0.772911992186008
1239,0.019184078572333722
1240,0.0392142954255935
1241,0.033860341051514586
1242,0.9962616250613809
1243,0.0029939135617903325
1244,0.08665542369819705
1245,0.019531613394661994
1246,0.8851280567255803
1247,0.04294903247341855
1248,0.9999999965671128
1249,0.402206522256222
1250,0.9999668065055465
1251,0.0778979814939311
1252,0.1247078251101857
1253,0.986383776976244
1254,0.18586967698518045
1255,0.06442517987956396
1256,0.9658673896194768
1257,0.3007163004142247
1258,0.9419847177452063
1259,0.9448418031145328
1260,0.025692293428290307
1261,0.9362074124752138
1262,0.10201911509498156
1263,0.0040439730113168895
1264,0.015497949269973324
1265,0.9770124277328616
1266,0.9999278105754937
1267,0.9999741436950129
1268,0.6024338987733276
1269,0.8307240112917974
1270,0.7239015717896452
1271,0.07418827762563662
1272,0.9747600638153677
1273,0.43706042137330137
1274,0.9943065088315219
1275,0.3129738135775223
1276,0.5151073436413984
1277,0.991983227278076
1278,0.1408305959897169
1279,0.9782279119071882
1280,0.7683630828617554
1281,0.03871131538599835
1282,0.9494597259679824
1283,0.9998898806140938
1284,0.007124825764359621
1285,0.8201141774128338
1286,0.9278545692885045
1287,0.07430012957773446
1288,0.8875279224443045
1289,0.9827452711787134
1290,0.09753070565291773
1291,0.9821538744463785
1292,0.053101714193172986
1293,0.8050048400458323
1294,0.996235862236223
1295,0.05078168383614491
1296,0.9191776688114892
1297,0.00317957521248882
1298,0.9728670388286744
1299,0.9991939297841134
1300,0.1615081749079018
1301,0.9949645217713045
1302,0.7646141128769691
1303,0.8115982926947733
1304,0.9998871767767096
1305,0.22378788274142072
1306,0.022588685143831996
1307,0.9867128697978096
1308,0.9713119767419911
1309,0.9991959076572243
1310,0.030862850798690507
1311,0.09073430805526418
1312,0.9995194217480663
1313,0.9096512405278908
1314,0.9749306281897564
1315,0.0031630984936615973
1316,0.686491716418195
1317,0.0947485872059786
1318,0.028809061534262125
1319,0.734478660355772
1320,0.0196266876171338
1321,0.9996800828695569
1322,0.963120231441434
1323,0.7825582042482159
1324,0.008713845412537736
1325,0.4207526564177847
1326,0.0720556894932091
1327,0.026348911919034178
1328,0.03729770189323846
1329,0.014156489042541959
1330,0.9042454113665835
1331,0.9942176842595616
1332,0.2825809796345685
1333,0.31678693857322926
1334,0.22853451010469122
1335,0.9969659720891595
1336,0.973946018897357
1337,0.8953898479781991
1338,0.9983959126332467
1339,0.9757793748284822
1340,0.947129359780229
1341,0.9398033494671798
1342,0.2710344356508184
1343,0.9979669707387886
1344,0.9027247149189256
1345,0.8921258472099851
1346,0.025733853583929368
1347,0.5413862412913955
1348,0.07082884982394463
1349,0.02925145612819815
1350,0.8638491557157945
1351,0.5399739034253039
1352,0.05233897120602367
1353,0.010191940685207922
1354,0.0064718057829843524
1355,0.10098527822622312
1356,0.032997581490124994
1357,0.14340939697944466
1358,0.023445752359171106
1359,0.9930533528547348
1360,0.3149787600336357
1361,0.9511754277241117
1362,0.9989005108408856
1363,0.9960653623115826
1364,0.00722557004084331
1365,0.992671025311596
1366,0.9996629169674559
1367,0.24370940022588222
1368,0.8452878511537885
1369,0.03117820826409696
1370,0.007308056576495822
1371,0.750660437890614
1372,0.9896116460231765
1373,0.9996623695856375
1374,0.952259837988862
1375,0.9770426644707421
1376,0.040048103523681836
1377,0.0207929858016222
1378,0.9998204731303956
1379,0.037520170653799485
1380,0.9146990318058832
1381,0.9996456016258378
1382,0.8314456822075293
1383,0.9967300797645798
1384,0.051930356777131856
1385,0.9351401460654326
1386,0.3594641231597703
1387,0.007716541517487881
1388,0.45183960187928973
1389,0.7328040997448846
1390,0.9338564699448659
1391,0.12899157840165296
1392,0.729100556921453
1393,0.22597017274566883
1394,0.9999256559960132
1395,0.8922530821992665
1396,0.9959841967691633
1397,0.9999999897211401
1398,0.031085573093007544
1399,0.06740632643648033
1400,0.9687433560425198
1401,0.08302921357326636
1402,0.03580970785461262
1403,0.08272212725904024
1404,0.9430499984717218
1405,0.3982384538663597
1406,0.9850670100226265
1407,0.9982201278464142
1408,0.9999319937650378
1409,0.08455183657711393
1410,0.7778942265854357
1411,0.018168629433590426
1412,0.8401634265049346
1413,0.01798018495544248
1414,0.11083455991601147
1415,0.9352959016828434
1416,0.19177233940855112
1417,0.05382733105130437
1418,0.6830288660176145
1419,0.995433719757979
1420,0.46189174695065
1421,0.007908444224594652
1422,0.9970958065297264
1423,0.038059623076738866
1424,0.07100870121813073
1425,0.6615017060269824
1426,0.8510243129725602
1427,0.004219009105968086
1428,0.9214203189048972
1429,0.11302850276578522
1430,0.04613048323840988
1431,0.9559962554722625
1432,0.1727278513421694
1433,0.03326339479262795
1434,0.5238354108495364
1435,0.4592110805230377
1436,0.9153909608949153
1437,0.9427561352938032
1438,0.02300343420504298
1439,0.6566708949109883
1440,0.9696216361386568
1441,0.14862814037002067
1442,0.0013001395969994274
1443,0.984000060451877
1444,0.2206988774618917
1445,0.12817123337765485
1446,0.019284859678818378
1447,0.009781887278204612
1448,0.9992616495560803
1449,0.11046460527916575
1450,0.9570951629613994
1451,0.7925024349435514
1452,0.9845926859657588
1453,0.9875614419547978
1454,0.22251632768433352
1455,0.9965002269117216
1456,0.07312844495006446
1457,0.8688702392600437
1458,0.017653552522784895
1459,0.9556363543069267
1460,0.8065826577882689
1461,0.9985301332851453
1462,0.1791968522128504
1463,0.9549921453094619
1464,0.6089354556250316
1465,0.9998540755642388
1466,0.35045550790985036
1467,0.9999942053805897
1468,0.9999231520674285
1469,0.006521286257500855
1470,0.22161342386058794
1471,0.1348252640033507
1472,0.03446909151716397
1473,0.9882573304720056
1474,0.9999273848514945
1475,0.9733018884987885
1476,0.04109206825646457
1477,0.9987601496143768
1478,0.9998751758341197
1479,0.9913031395646689
1480,0.8553147204534952
1481,0.9999629786870898
1482,0.951492131835724
1483,0.9486110172448189
1484,0.9837262507241171
1485,0.40869012858722664
1486,0.025044444075010653
1487,0.4648020018450973
1488,0.020501978601069705
1489,0.0044592922045591345
1490,0.007186136674053029
1491,0.9236557354029926
1492,0.9341565103642673
1493,0.9229198873756328
1494,0.9995397296908463
1495,0.2693085492281079
1496,0.9736567010926368
1497,0.023181037555792046
1498,0.943705612564693
1499,0.9865392222626822
1500,0.07084792125119695
1501,0.9985130590571341
1502,0.9996517459230067
1503,0.9837415955333139
1504,0.9708176954572926
1505,0.7778004983437543
1506,0.6029568109309086
1507,0.0013114391758939957
1508,0.03621025548599342
1509,0.6657796153670116
1510,0.9867390491276959
1511,0.06968811362009344
1512,0.5411662594168241
1513,0.030366181477717896
1514,0.06796296581030428
1515,0.03650073560222826
1516,0.09917456169356045
1517,0.9998615528747177
1518,0.11714571399202214
1519,0.05998103937615427
1520,0.02692507255559588
1521,0.021148838239587013
1522,0.02372868681621842
1523,0.9716530493171195
1524,0.997863289317673
1525,0.35966815949935693
1526,0.02251778040670101
1527,0.03119409296623731
1528,0.9441347891994198
1529,0.9996097337480194
1530,0.984041189882244
1531,0.025757291435674047
1532,0.9999942028918654
1533,0.018491287362347404
1534,0.9891649974190908
1535,0.04618392343610033
1536,0.023623645122941295
1537,0.032403769179387525
1538,0.5126999997892974
1539,0.49603995460544825
1540,0.9818614492970112
1541,0.9777142981212693
1542,0.01828265965315068
1543,0.9931470834777618
1544,0.9379794003379083
1545,0.4095503825556367
1546,0.6493949545151357
1547,0.9326511337406427
1548,0.9999605254698267
1549,0.32222892016606186
1550,0.191725202242302
1551,0.06069903318829832
1552,0.021316794001249792
1553,0.21790779046090197
1554,0.9995065747590557
1555,0.976719390709647
1556,0.9994161115980271
1557,0.9591372244288301
1558,0.4587202566286039
1559,0.944503224119507
1560,0.9440899434711391
1561,0.10533069499631405
1562,0.14689801636675362
1563,0.8468738079743086
1564,0.9404231095932305
1565,0.8633575119863577
1566,0.02169377699908908
1567,0.03443500170677661
1568,0.9995855331785144
1569,0.36524710359098944
1570,0.7114146306341275
1571,0.9995699381661275
1572,0.9880198917689287
1573,0.8038488648041866
1574,0.4788411683877308
1575,0.07958607010033569
1576,0.0038940252593342322
1577,0.978348378308187
1578,0.46261053485193526
1579,0.19090830085477728
1580,0.0066504166910355475
1581,0.25718439485599004
1582,0.999847610152715
1583,0.01867374353738119
1584,0.7940873998413883
1585,0.9096584894710235
1586,0.004763935235749082
1587,0.9644035226686938
1588,0.02181508780111119
1589,0.3081152163777251
1590,0.04938330681671678
1591,0.1722089493113718
1592,0.7461012099385569
1593,0.9999528115874856
1594,0.9847393143483988
1595,0.007976016031721916
1596,0.9356682693600504
1597,0.8954373889062968
1598,0.9996210018842661
1599,0.7419322020630073
1600,0.9990178265304459
1601,0.9452250978235222
1602,0.9356311394227221
1603,0.012013264905850458
1604,0.16885277462969156
1605,0.044975750654826945
1606,0.8124141332282104
1607,0.011088209816689936
1608,0.998028242520002
1609,0.9957904330037046
1610,0.040400482742278004
1611,0.9993000121905699
1612,0.9723618902385409
1613,0.04260486580128412
1614,0.012730724500571129
1615,0.9450901681586326
1616,0.19919145923125386
1617,0.17543511423001612
1618,0.010244514783909808
1619,0.8592986797562434
1620,0.22771280865958854
1621,0.9998913947642661
1622,0.9852484255631522
1623,0.037229596321803345
1624,0.9884044404080357
1625,0.2783866408689019
1626,0.10553922690869551
1627,0.11180142341100911
1628,0.16615231298848604
1629,0.04876585204227855
1630,0.3804437486724897
1631,0.32164744812529084
1632,0.9772797795065797
1633,0.9782350080450609
1634,0.9736981004714764
1635,0.012020427324289764
1636,0.1488509046753627
1637,0.12242981450838533
1638,0.9561851615747727
1639,0.9981087729405334
1640,0.9852855691863661
1641,0.9999935513722618
1642,0.9773720260012306
1643,0.04957134184361459
1644,0.9999378077723623
1645,0.01028141654698787
1646,0.7580654265144002
1647,0.9999954072642296
1648,0.9962740928508481
1649,0.005331897893776204
1650,0.4780756810958497
1651,0.9979568460686888
1652,0.9994843034159494
1653,0.022740294552727802
1654,0.9846686308105428
1655,0.01854374213810072
1656,0.03447136302846997
1657,0.4776768971078675
1658,0.8645267116598376
1659,0.031967074436248404
1660,0.029711502746704997
1661,0.9900713363565978
1662,0.7146976533672038
1663,0.9440899434711391
1664,0.3063732540542774
1665,0.28292193822540934
1666,0.020767917250456586
1667,0.9779773339996816
1668,0.9495746718740916
1669,0.05744196742854805
1670,0.006116290165989316
1671,0.8897775357760584
1672,0.993455951214443
1673,0.7669596642249245
1674,0.6408157186147643
1675,0.12049940403416093
1676,0.04794378948440906
1677,0.03373386159224556
1678,0.04800334748042667
1679,0.9882068138247367
1680,0.001838543473039591
1681,0.013903945619868347
1682,0.9998270333681416
1683,0.9795773745061307
1684,0.016961356237939096
1685,0.06721842353381353
1686,0.9999493002439156
1687,0.026201958733141996
1688,0.7688202093363635
1689,0.15137445106843395
1690,0.9999934769568132
1691,0.014792226298835587
1692,0.4969042649359975
1693,0.047018752040806626
1694,0.22300436090148384
1695,0.9687345893000872
1696,0.9616251856782941
1697,0.34567991533545245
1698,0.9804390481881594
1699,0.9261565796565584
1700,0.051372119214373325
1701,0.9568216471536205
1702,0.25335715353085647
1703,0.9996710746579007
1704,0.962030840302508
1705,0.9993824252970877
1706,0.9955038489534299
1707,0.2653294992474299
1708,0.0218240849108473
1709,0.9760451983156051
1710,0.008529221193375146
1711,0.9242701073297421
1712,0.047960588947684075
1713,0.7725010692467202
1714,0.9043224020614054
1715,0.03365618060415944
1716,0.046009618071944
1717,0.9733902890516776
1718,0.010117678622939047
1719,0.9942483449037963
1720,0.7084024710378188
1721,0.38768417446708703
1722,0.32885748413767973
1723,0.5639467397453771
1724,0.9245376538510822
1725,0.13795361416852778
1726,0.4916522637692819
1727,0.09549983376527112
1728,0.08446906148860725
1729,0.4983941670838138
1730,0.5803975146777025
1731,0.2155634169474998
1732,0.9999999201415338
1733,0.9999528115874856
1734,0.8108884360710146
1735,0.1819140597299194
1736,0.05825252959517595
1737,0.05559007175437906
1738,0.2935679001000648
1739,0.9784356795775777
1740,0.027539134417278142
1741,0.9402953851163922
1742,0.1033201008964982
1743,0.006606857529103896
1744,0.04410227105038571
1745,0.6292313471553611
1746,0.017047500754747844
1747,0.8544931343874497
1748,0.9488674017226313
1749,0.31530295684628645
1750,0.5435537039632539
1751,0.1106367339443354
1752,0.8465427047661123
1753,0.015844543155032597
1754,0.9999838055694281
1755,0.275065317442579
1756,0.4028774566972544
1757,0.9997026107385812
1758,0.9999403205916509
1759,0.45681305403840355
1760,0.06835332742949643
1761,0.3474216959578164
1762,0.9997868390134451
1763,0.8660292909035139
1764,0.9999724366911309
1765,0.03575653714135958
1766,0.9932107692301237
1767,0.9578560837124137
1768,0.5612572927636382
1769,0.9497319183011417
1770,0.017491003901403828
1771,0.9998176124422644
1772,0.48707542157114636
1773,0.18205599331412467
1774,0.942574628476538
1775,0.07030126932265691
1776,0.998974897495932
1777,0.9820900298757204
1778,0.04216669687120016
1779,0.715253984880487
1780,0.03666777167935708
1781,0.5836760410699535
1782,0.9992419201265751
1783,0.9619861133587948
1784,0.7490347833198283
1785,0.007712735424716968
1786,0.5987057789247794
1787,0.9794654481082459
1788,0.013605182247034265
1789,0.004927807707609487
1790,0.5662453946282826
1791,0.9585183732740571
1792,0.3025515634840032
1793,0.003288525893477804
1794,0.0452413338530244
1795,0.4341477364236971
1796,0.9041809648285482
1797,0.05465428581331233
1798,0.014516059649340352
1799,0.3307119303711973
1800,0.9999249383606547
1801,0.9569827648509787
1802,0.9770331467647828
1803,0.0279342268591957
1804,0.3338105422813782
1805,0.9946298660968054
1806,0.050820564187191365
1807,0.043184092359148676
1808,0.1650253146422476
1809,0.9795794872557859
1810,0.9652749403321437
1811,0.9699448597855123
1812,0.781708201915414
1813,0.0377315668712115
1814,0.07640301546707837
1815,0.9992195373851898
1816,0.07369958830889982
1817,0.827544032618726
1818,0.8322572106507714
1819,0.2998322417672894
1820,0.9998892400359495
1821,0.9157481755476888
1822,0.13807131470025794
1823,0.9648003152012782
1824,0.26931531677985515
1825,0.6792625412801756
1826,0.9981405054047332
1827,0.9936832032038743
1828,0.05858154666073558
1829,0.011731377349510703
1830,0.14525228314523025
1831,0.7979280001625318
1832,0.05292652907450936
1833,0.10426816170000172
1834,0.18209945296296354
1835,0.3948538481998979
1836,0.005392354625465617
1837,0.9753587898592053
1838,0.8438792550569424
1839,0.02352166919932202
1840,0.9843411397950848
1841,0.9358197525513428
1842,0.2155797946049777
1843,0.9927534709706867
1844,0.0013895349622099911
1845,0.009827705729663409
1846,0.5626062268005322
1847,0.03375298652074638
1848,0.44054910796028607
1849,0.8618484570042814
1850,0.045028310516074414
1851,0.8268276556655039
1852,0.11425631698610865
1853,0.9988840783577924
1854,0.9495086809420353
1855,0.9873046822137997
1856,0.9519009209610199
1857,0.02237878334687112
1858,0.039783300824749596
1859,0.9999542001234424
1860,0.544011628535657
1861,0.9561508978974252
1862,0.9999768696991136
1863,0.01679661118435587
1864,0.1411350704043904
1865,0.9999553480318149
1866,0.5987038752931334
1867,0.9418215737385742
1868,0.054249707930318206
1869,0.002838022603400873
1870,0.9905678688337816
1871,0.22355737233504272
1872,0.997339752950829
1873,0.020902504256810367
1874,0.9482173977219983
1875,0.9913783886290165
1876,0.9994582702880171
1877,0.9713369067721302
1878,0.9999365479258419
1879,0.999978632868913
1880,0.009282104204555401
1881,0.8850171784138631
1882,0.8534655249899032
1883,0.013669152794287487
1884,0.010162617955682535
1885,0.8973691900241858
1886,0.0863961872729064
1887,0.9147437060034823
1888,0.09020574507995162
1889,0.03778240684741087
1890,0.08857752022708365
1891,0.8540036265132784
1892,0.03393302738564935
1893,0.9895843395921187
1894,0.998889553203702
1895,0.08044264469455056
1896,0.0189195926902564
1897,0.26209937621129065
1898,0.00685347997822138
1899,0.7177668622551939
1900,0.020657448302085386
1901,0.035912216142531705
1902,0.012995159916525273
1903,0.9732327606715856
1904,0.977687215536011
1905,0.7192207441585607
1906,0.03205154431933564
1907,0.9993267224711746
1908,0.1632454635789224
1909,0.6175883934512749
1910,0.7350274018716612
1911,0.2344034830208054
1912,0.5831541942479552
1913,0.9795679703748595
1914,0.9344597787060198
1915,0.9839762251060435
1916,0.021859208494077704
1917,0.09967471360859438
1918,0.9870267924795559
1919,0.9314437762956549
1920,0.17380902256486958
1921,0.04296376580950465
1922,0.025806946426694916
1923,0.061606976497613576
1924,0.05280661923799419
1925,0.2251165399385187
1926,0.822003955071134
1927,0.9906644751487959
1928,0.06545074203589932
1929,0.01652688065566476
1930,0.03248470254834142
1931,0.7878935728456312
1932,0.0023854363423773685
1933,0.993170969142437
1934,0.02533289607888454
1935,0.23305267918908396
1936,0.006314561282422341
1937,0.9890854173323167
1938,0.04517127252540662
1939,0.016827838922318313
1940,0.07497221058753321
1941,0.9875983650750871
1942,0.027517013084807963
1943,0.011334816322239713
1944,0.0879003732927641
1945,0.2672754990551799
1946,0.9999771234837258
1947,0.40647145279017594
1948,0.883640406300619
1949,0.021167029335612958
1950,0.9998882018430535
1951,0.11867261260739725
1952,0.8065826577882689
1953,0.7989336672315768
1954,0.9998315488527842
1955,0.6672243635998751
1956,0.9996211885162248
1957,0.9682063593435446
1958,0.028027347252163548
1959,0.1512544756713151
1960,0.9861754392003468
1961,0.8859387298198099
1962,0.0057353579135116465
1963,0.004842899670398338
1964,0.9877734960097768
1965,0.37720278393659745
1966,0.7608462147910109
1967,0.027894529559578236
1968,0.022851161221673605
1969,0.07993784972522373
1970,0.060431984340053736
1971,0.47103252529929607
1972,0.009859934970023593
1973,0.011627122664171739
1974,0.531925820772744
1975,0.995240257655416
1976,0.9997683118914515
1977,0.9996517410455061
1978,0.028130178732155897
1979,0.23514260531352038
1980,0.010978041280964594
1981,0.9604123964412089
1982,0.9928585425899309
1983,0.3962180474069923
1984,0.017777444306032338
1985,0.9999882077273149
1986,0.07369958830889982
1987,0.32059607269646406
1988,0.9997860006150928
1989,0.017610356940779816
1990,0.08668863260168108
1991,0.9944072375816667
1992,0.9074649674415619
1993,0.10397045049058533
1994,0.985039504710951
1995,0.9458435934168461
1996,0.0380979215866158
1997,0.00103198317413073
1998,0.8423440198423947
1999,0.9968317568136168
2000,0.03347361472439032
2001,0.33381350022214706
2002,0.9775632102132633
2003,0.9999802497877344
2004,0.6253758217498324
2005,0.10142054956692328
2006,0.9932574562641543
2007,0.020283304828146713
2008,0.04787312208884961
2009,0.10721742990010505
2010,0.07058307229251176
2011,0.9931101141700072
2012,0.006647601248336831
2013,0.9976057644935116
2014,0.317137420882692
2015,0.010758119313331845
2016,0.05991195933782549
2017,0.2887193644494212
2018,0.11117140872623632
2019,0.4378790919538574
2020,0.997154502024882
2021,0.9284367767510344
2022,0.9981062088340857
2023,0.020866587649627132
2024,0.9918541889818799
2025,0.9726518840843053
2026,0.03329118296096785
2027,0.9419148135352657
2028,0.048685001237825244
2029,0.7355682024984811
2030,0.9832399894132458
2031,0.029095680366983834
2032,0.012472121223598278
2033,0.8608579712876319
2034,0.17438405778388516
2035,0.9994194574230008
2036,0.9988795328103999
2037,0.9999599052386289
2038,0.018232550935044185
2039,0.9752782689700361
2040,0.022406109569391357
2041,0.09216705363038799
2042,0.012046494744031433
2043,0.01662269651246508
2044,0.0063446745778546355
2045,0.026652182408596008
2046,0.9988320080575083
2047,0.046534220893810554
2048,0.13000071378182704
2049,0.6488027775028573
2050,0.5897695006289756
2051,0.0019478488619275771
2052,0.9997629470458584
2053,0.024309038714186753
2054,0.829675532026082
2055,0.034884067812559934
2056,0.028909306993652194
2057,0.441276399301881
2058,0.998668180387664
2059,0.9977556614490648
2060,0.45857688995537493
2061,0.8633468402206528
2062,0.9933268281747605
2063,0.05323657671438923
2064,0.20067238768543053
2065,0.8555386938064713
2066,0.027098358284482434
2067,0.9151434715938143
2068,0.02503910878586817
2069,0.008116578266623552
2070,0.15233531881853718
2071,0.9992188811900669
2072,0.9894695873951658
2073,0.18169259922126585
2074,0.9865529902468362
2075,0.017931185131140615
2076,0.6723754798566649
2077,0.9982580022701212
2078,0.1819576218375316
2079,0.045053755851713985
2080,0.9991863411084514
2081,0.9530597942495322
2082,0.9308659935085682
2083,0.9558748229599988
2084,0.9597682464064545
2085,0.9999378918478066
2086,0.49829767021439775
2087,0.04443515402946466
2088,0.4905247113659955
2089,0.27009398612954916
2090,0.026402626517059092
2091,0.9394967807110326
2092,0.012767955154231339
2093,0.9858373978367428
2094,0.007832746273918877
2095,0.4337581902357616
2096,0.9976975363089254
2097,0.0620111383755368
2098,0.9489424290068815
2099,0.04279729029945124
2100,0.9695214939344066
2101,0.06706955669967529
2102,0.09659152926926681
2103,0.9155277579073624
2104,0.020723571143708274
2105,0.019575311395978835
2106,0.6177720394196176
2107,0.9914454823266844
2108,0.9396240096936953
2109,0.05240332371024593
2110,0.891116736356104
2111,0.023550495906746006
2112,0.9763308396810423
2113,0.9799282509717189
2114,0.22792871334205808
2115,0.026744883499371135
2116,0.8470360360964684
2117,0.949990754727375
2118,0.06333476046801942
2119,0.9518674640407095
2120,0.976086684511348
2121,0.03527041867116755
2122,0.9496450841254982
2123,0.036513112568180565
2124,0.8130985437968816
2125,0.9907069722374147
2126,0.8422230322718743
2127,0.9998887787806469
2128,0.01204295844627736
2129,0.7747642840884409
2130,0.17078946741239887
2131,0.9853378906907222
2132,0.03447324470359847
2133,0.9979077734117308
2134,0.01442105513100545
2135,0.30398015906468956
2136,0.9995592347407743
2137,0.9755619137712651
2138,0.9996360951847141
2139,0.9436051253656756
2140,0.959948884090443
2141,0.9035977713697599
2142,0.006613984978519884
2143,0.02228537752260962
2144,0.017042847287548735
2145,0.15081970270957684
2146,0.9675369813482341
2147,0.0036720245348090368
2148,0.05307984009455544
2149,0.34843138877016155
2150,0.947880907357669
2151,0.2790113969151679
2152,0.9996243974847021
2153,0.8435662726588486
2154,0.2730861680211192
2155,0.0343615789562119
2156,0.2873672629304522
2157,0.9931539625856699
2158,0.019818362869906847
2159,0.08869050986490938
2160,0.7907323986984326
2161,0.999943341563411
2162,0.923783140947604
2163,0.047244418227334856
2164,0.02711538753439338
2165,0.0673667980673884
2166,0.011299447487619614
2167,0.10918526758280626
2168,0.049150774490390674
2169,0.951408811310489
2170,0.9938636241416111
2171,0.013693975676995918
2172,0.11707832736828197
2173,0.993310749342872
2174,0.9999569223422032
2175,0.8387364316040473
2176,0.47016882058795717
2177,0.03131059854370442
2178,0.1046628206659217
2179,0.03530511699847648
2180,0.9052806346736453
2181,0.9044529956397224
2182,0.09661553651433301
2183,0.0035658359665837885
2184,0.5624507564198309
2185,0.03212362563561551
2186,0.9999321329556808
2187,0.01894210236005652
2188,0.9999987061814414
2189,0.06237056301706332
2190,0.050611744823467385
2191,0.9781683393931819
2192,0.14099512767887604
2193,0.638074723509911
2194,0.9460042472116909
2195,0.1545702638631877
2196,0.9985842270929837
2197,0.45707791959710004
2198,0.8253823616958412
2199,0.9301640323211069
2200,0.15117174050124854
2201,0.9999462704248309
2202,0.010712403857005977
2203,0.39458125230980706
2204,0.9848462914878594
2205,0.037985805015393705
2206,0.026570551844659417
2207,0.9315397476870014
2208,0.8960940608193958
2209,0.04378144012751691
2210,0.010750586795712797
2211,0.04561462604371608
2212,0.006528199849322994
2213,0.01959257068796527
2214,0.9993390387851406
2215,0.9998025954713723
2216,0.07476999340290216
2217,0.8761111071480199
2218,0.5558273957200803
2219,0.03365955255564029
2220,0.23820432701706595
2221,0.9998384590057725
2222,0.9821223223045958
2223,0.942037177247393
2224,0.6608430069612832
2225,0.32297658329236795
2226,0.9996641284075514
2227,0.00240213268304926
2228,0.24069664748102843
2229,0.0020285643996123272
2230,0.041021797959073916
2231,0.13030919908969205
2232,0.9888142972797536
2233,0.9998807895072698
2234,0.023045395523975405
2235,0.006735661017388162
2236,0.04174567337749729
2237,0.18396695216344047
2238,0.4204573954424006
2239,0.9632408104158982
2240,0.04337069807253423
2241,0.10943860614412355
2242,0.02530087752455538
2243,0.9812042815097362
2244,0.9436756345356224
2245,0.9804595390630612
2246,0.940922060230071
2247,0.7755680511414244
2248,0.047152699084799965
2249,0.08343898634870725
2250,0.17234345851517194
2251,0.9500142755904724
2252,0.9276963296659279
2253,0.04817254210874044
2254,0.7778489405946823
2255,0.021559501015748224
2256,0.9949528800083494
2257,0.031402422077416704
2258,0.03338494185988434
2259,0.013728109075564465
2260,0.0148997889782011
2261,0.0013977032059723825
2262,0.02300414517839275
2263,0.26249506388041727
2264,0.9349203275468968
2265,0.023345745991546225
2266,0.1863976557723468
2267,0.39666346842142264
2268,0.03957563246305837
2269,0.9999631013040358
2270,0.14107487213175451
2271,0.9276408667026896
2272,0.0068981837287450136
2273,0.4136474214906947
2274,0.017627952297417475
2275,0.011440116520904533
2276,0.05130854359289076
2277,0.06759627757393179
2278,0.10903730898784361
2279,0.9479423911110629
2280,0.006268029459169873
2281,0.999999222582755
2282,0.7014647649021561
2283,0.6363142730374136
2284,0.12310810847287015
2285,0.030196826593256294
