Group,Experiment,Model,Vectorizer,CV ROC AUC,CV Recall,CV F1,Test ROC AUC,Test Recall,Test F1
Linear,exp_1_numeric_lr,LogisticRegression,NumericFeatures,0.9423 ± 0.0033,0.8460 ± 0.0095,0.8627 ± 0.0038,0.9418,0.8443,0.8624
Linear,exp_1_tfidf_lr,LogisticRegression,TfidfVectorizer,0.9664 ± 0.0036,0.9000 ± 0.0128,0.8998 ± 0.0059,0.9715,0.9134,0.9078
Linear,exp_1_combined_lr,LogisticRegression,CombinedFeatures,0.9796 ± 0.0022,0.9217 ± 0.0070,0.9273 ± 0.0031,0.9805,0.9178,0.9291
Linear,exp_1_combined_svm,SVM,CombinedFeatures,0.9838 ± 0.0015,0.9381 ± 0.0095,0.9407 ± 0.0043,0.9849,0.9379,0.9441
Linear,exp_1_combined_linear_svc_optuna,LinearSVC,CombinedFeatures,0.9871 ± 0.0021,0.9416 ± 0.0051,0.9461 ± 0.0039,0.9875,0.9370,0.9453
Tree,exp_2_random_forest_numeric,RandomForest,Numeric,0.9713 ± 0.0014,0.9191 ± 0.0060,0.9165 ± 0.0056,0.9729,0.9099,0.9191
Tree,exp_2_random_forest_all,RandomForest,Tfidf+SVD,0.9809 ± 0.0019,0.9381 ± 0.0070,0.9339 ± 0.0040,0.9818,0.9361,0.9382
Tree,exp_2_xgboost_all,XGBoost,Tfidf+SVD,0.9843 ± 0.0019,0.9390 ± 0.0063,0.9384 ± 0.0022,0.9875,0.9388,0.9466
Tree,exp_2_lgbm_all,LightGBM,Tfidf+SVD,0.9834 ± 0.0014,0.9350 ± 0.0064,0.9364 ± 0.0026,0.9868,0.9318,0.9392
Tree,exp_2_catboost_all,CatBoost,Tfidf+SVD,0.9854 ± 0.0017,0.9355 ± 0.0075,0.9399 ± 0.0040,0.9859,0.9353,0.9419
Tree,exp_2_catboost_optuna,CatBoost_Optuna,Tfidf+SVD,0.9865 ± 0.0020,0.9420 ± 0.0061,0.9439 ± 0.0039,0.9869,0.9396,0.9475
Neural Network,exp_3_mlp_baseline,BaselineMLP,CharTokenizer/Visualizer,0.9636 ± 0.0017,0.8961 ± 0.0109,0.8998 ± 0.0040,0.9663,0.8906,0.9061
Neural Network,exp_3_charcnn,CharCNN,CharTokenizer/Visualizer,0.9791 ± 0.0022,0.9197 ± 0.0233,0.9262 ± 0.0045,0.9840,0.9309,0.9391
Neural Network,exp_3_bilstm,BiLSTM,CharTokenizer/Visualizer,0.9638 ± 0.0051,0.9164 ± 0.0141,0.9064 ± 0.0126,0.9808,0.9353,0.9312
Neural Network,exp_3_hybrid,HybridModel,CharTokenizer/Visualizer,0.9853 ± 0.0018,0.9385 ± 0.0221,0.9387 ± 0.0057,0.9869,0.9405,0.9459
Transformer,exp_4_deberta_url_only,DeBERTa Transformer,DeBERTa Tokenizer,0.9915 ± 0.0012,0.9425 ± 0.0098,0.9568 ± 0.0064,0.9929,0.9554,0.9638
Transformer,exp_4_deberta_url_features,DeBERTa Transformer,DeBERTa Tokenizer,0.9904 ± 0.0013,0.9416 ± 0.0148,0.9549 ± 0.0078,0.9914,0.9554,0.9651
Ensemble,exp_5_simple_avg,Ensemble,N/A,N/A,N/A,N/A,0.9916,0.9563,0.9621
Ensemble,exp_5_weighted_avg,Ensemble,N/A,N/A,N/A,N/A,0.9923,0.9571,0.9664
